Rockname(or component),Min,Max,Nominal age,Slat,Slon,Dec,Inc,a95,Weight,Plat,Plon,A95,Comments,Grade,Reference (separate age ref when that antedates the most recent pmag study)
Dubawnt Group,1750,1820,1785,64.1,265.6,167,50,7,1,7,277,8,,B,"Park et al. 1973 (age: Rainbrid and Davis, 2007)"
East Central Minnesota Batholith,1777,1781,1779,45.5,265.8,180,76.8,2.5,1,20.4,265.8,4.5,,NR,Swanson-Hysell et al. 2021
Deschambault Pegmatites,1761,1771,1766,54.9,256.7,28.2,82.1,4,0,67.5,276,7.7,anomalous pole,B,Symons et al. 2000
Jan Lake Granite - A comp.,1757,1759,1758,54.9,257.2,166.7,73.2,10,1,24.3,264.3,16.9,,B,Gala et al. 1995 (age: Bickford et al. 2005)
Molson Dikes,1750,1750,1750,55,262.5,178.5,67.2,2.7,0,15,263.5,4.1,age only from APW comparison,NR,Zhai et al. 1994
Menihek Formation,1750,1750,1750,56.8,290.7,195,57,16,0,5,278.8,19.8,age only from APW comparison,NR,Park et al. 1977
Cleaver dykes,1736,1745,1740,67.5,242,136.5,57.4,5,1,19.4,276.7,6.1,,A,Irving et al. 2004
Sioux,1620,1730,1675,44,264.8,192.4,74.8,11.4,0,16,258.7,19.8,too young,NR,Chandler and Morey 1992
Athabasca (Manitou Falls Fm),1660,1690,1675,57.5,255.5,158,62,5,0,12.4,271.7,6.8,too young,NR,Kotzer et al. 1992 (age: Alexandre et al. 2009)
St.Francois Mountains Acidic Rocks,1460,1492,1476,37.5,269.5,233.4,37,6.8,1,-13.2,219,6.1,,A,Meert & Stuckey 2002
Michikamau Intrusion - combined result,1455,1465,1460,54.5,296,259.7,10.7,6.5,1,-1.5,217.5,4.7,,A,Emslie et al. 1976
Spokane Formation,1445,1470,1458,48.2,246.8,208.8,22.7,6.1,1,-24.8,215.5,4.7,,A,Elston et al. 2002
Snowslip Formation,1436,1463,1450,47.9,245.9,212.6,20.3,4.6,1,-24.9,210.2,3.5,,A,Elston et al. 2002
Tobacco Root Dykes - A combined,1399,1497,1448,47.4,247.6,224.9,61.8,7.7,0,8.7,216.1,10.5,too old (now dated in geon 15 - Rogers),B,Harlan et al. 2008
Purcell Lava,1436,1450,1443,49.4,245.1,207.5,23.8,6.2,1,-23.6,215.6,4.8,,A,Elston et al. 2002
"MEAN Rocky Mountain intrusions (3-study mean of Laramie anorthosite, Sherman granite, and Electra Lake gabbro)",1415,1445,1430,40.3,253.8,221.1,46.6,9.4,1,-11.9,217.4,9.7,,B,"Nordic 2009 (Harlan et al., 1994; Harlan & Geissman, 1998)"
Mistastin Pluton,1400,1450,1425,55.6,296.3,273.4,-7,10.7,1,-1,201.5,7.6,,B,"Fahrig and Jones 1976 (age: Gower & Krogh, 2002)"
McNamara Formation,1395,1407,1401,46.9,246.4,219.9,37,7.5,0,-13.5,208.3,6.7,too young,A,Elston et al. 2002
Montagnais Dikes,1400,1400,1400,54.7,293.3,274,6,7.6,0,4.8,201.8,5.4,,NR,Seguin 1975
"Pilcher, Garnet Range and Libby Fms",1362,1407,1385,46.7,246.4,210.9,33.6,9,0,-19.2,215.3,7.7,too young,A,Elston et al. 2002
Abitibi Dykes,1139,1143,1141,48,279,295.8,66.6,9.4,0,48.8,215.5,14.1,too old for the new analysis,A,Ernst & Buchan 1993
MEAN Nipigon sills and lavas (8 igneous unit mean),1107,1115,1111,49.1,270.9,287.6,70.9,2.5,0,47.2,217.8,4,too old for the new analysis,A,Nordic 2009 (Palmer 1970; Robertson & Fahrig 1971; Pesonen 1979; Middleton et al. 2004; Borradaile et al. 2006)
Lowermost Mamainse Point volcanics -R1,1106,1112,1109,47.1,275.3,292.5,72.9,3.2,0,49.5,227,5.3,too old for the new analysis,A,Swanson-Hysell et al. 2014a (age: Swanson-Hysell et al. 2019)
Lower Osler volcanics -R,1105,1110,1108,48.8,272.3,278.8,68.6,3.1,0,40.9,218.6,4.8,too old for the new analysis,A,Swanson-Hysell et al. 2014b (age: Swanson-Hysell et al. 2019)
Middle Osler volcanics -R,1103,1110,1107,48.8,272.4,285.6,65.8,5.6,0,42.7,211.3,8.2,too old for the new analysis,A,Swanson-Hysell et al. 2014b (age: Swanson-Hysell et al. 2019)
Lower Mamainse Point volcanics -R2,1100,1109,1105,47.1,275.3,286.2,58.3,3.5,0,37.5,205.2,4.5,too old for the new analysis,A,Swanson-Hysell et al. 2014b (age: Swanson-Hysell et al. 2019)
Upper Osler volcanics -R,1105,1106,1105,48.7,272.4,289.5,61.7,2.7,0,42.3,203.4,3.7,too old for the new analysis,A,Swanson-Hysell et al. 2019 (age: Swanson-Hysell et al. 2019)
"Mamainse Point volcanics (lower N, upper R)",1100,1101,1100,47.1,275.3,293.8,47.1,4.7,0,36.1,189.7,4.9,too old for the new analysis,A,Swanson-Hysell et al. 2014a (age: Swanson-Hysell et al. 2019)
North Shore lavas -N,1094,1100,1097,46.3,268.7,293.9,44,2.8,0,34.5,181.3,2.8,too old for the new analysis,A,Tauxe & Kodama 2009
Chengwatana Volcanics,1093,1097,1095,45.4,267.3,287.5,45.8,8,0,30.9,186.1,8.2,too old for the new analysis,B,Kean et al. 1997 (age: Zartman et al. 1997)
Uppermost Mamainse Point volcanics -N,1090,1100,1094,47.1,275.3,293.7,37.5,2.8,1,31.2,183.2,2.5,,A,Swanson-Hysell et al. 2014a (age: Swanson-Hysell et al. 2019)
Portage Lake Volcanics,1091,1095,1093,47,271.2,288.7,36.9,2.6,1,27.5,182.5,2.3,,A,Hnat et al. 2006; Swanson-Hysell et al. 2019
Cardenas Basalts and Intrusions,1086,1096,1091,36.1,248.1,285,57.8,6.3,1,32,185,8,,B,Weil et al. 2003
Schroeder Lutsen Basalts,1085,1092,1090,47.5,269.1,284.4,44.2,2.5,1,28.3,187.6,2.5,,A,Swanson-Hysell et al. 2019
Central Arizona diabases -N,1077,1099,1088,33.7,249.2,274.8,38.7,7.6,1,15.7,175.3,7,,A,Donadini et al. 2011
Lake Shore Traps,1085,1089,1087,47.6,271.9,283,35.7,4.5,1,23.1,186.4,4,,A,Kulakov et al. 2013
Michipicoten Island Fm,1083,1085,1084,47.7,274.3,288.5,12.4,6.1,1,17,174.7,4.4,,A,Fairchild et al. 2017