Rockname(or component),Min,Max,Nominal age,Slat,Slon,Dec,Inc,a95,Weight,Plat,Plon,A95,Comment,Grade,Reference (separate age ref when that antedates the most recent pmag study)
Elgetey Fm,1728,1736,1732,56.3,134.6,122.4,46.4,12.8,0,7.1,183.5,13.2,"This pole doesn't fit any proposed reconstruction, and the authors consider it to result from local rotation",A,Didenko et al. 2014
Ulkan granite,1709,1729,1719,56.3,134.5,226.8,-39.8,4.7,0,42.1,249.4,4.4,too young for this analysis,B,Didenko et al. 2015
Gonam,1700,1700,1700,57,131.3,36.8,6.8,5.3,0,29,268.2,3.8,not reliable,NR,Sears
Baikal,1674,1674,1674,54,113.4,9.4,16.2,4,0,43.6,280.5,3,not reliable,NR,Sears
Konder,1080,1080,1080,57,132,232.8,38.4,19.5,0,-0.2,264.2,17.8,not reliable,NR,Sears
Malgina Formation,1000,1120,1050,58.3,135,279.7,42,2.9,0,25.4,50.5,2.6,too young for this analysis,B,Gallet et al. 2000
Kumakha Formation,985,1095,1040,58.9,135.1,297.2,3.9,7.8,0,13.9,21.2,7,probably too young for this analysis,B,Pavlov et al. 2000
Milkon Formation,985,1065,1025,58.1,135.5,298.7,-18.5,0.1,0,5.6,15.9,3.8,probably too young for this analysis,B,Pavlov et al. 2001
Ignican Formation,1000,1025,1013,58.7,135.2,300,5,0.1,0,16,21.4,7.4,too young for this analysis,B,Pavlov et al. 2002
Nelkan Formation,1000,1025,1013,58.3,135.6,283.5,15.6,0.1,0,14.4,39.1,6.3,too young for this analysis,B,Pavlov et al. 2003
Kandyk Formation combined,950,1000,975,59.4,136.4,136.9,35.8,5,0,3.1,356.5,4.3,too young for this analysis,B,Pavlov et al. 2004