Rockname(or component),Min,Max,Nominal age,Slat,Slon,Dec,Inc,a95,Weight,Plat,Plon,A95,Comment,Grade,Reference (separate age ref when that antedates the most recent pmag study)
Lower Akitkan Khibelen group (Malaya Kosa formation),1874,1882,1878,54.7,108.8,188.7,8.1,5,0,-30.8,98.7,3.5,too old (Laurentia didn't assemble yet),A,Didenko et al. 2009
Upper Akitkan Group,1854,1872,1863,57.6,110.8,192.5,18.6,6.9,0,-22.1,97.5,5.2,too old (Laurentia didn't assemble yet),A,Didenko et al. 2009
Shumikhinsk Granitoids,1843,1858,1851,52.1,103.8,177.4,24.6,6.6,0,-24.9,106.6,5.2,too old (Laurentia didn't assemble yet),B,Didenko et al. 2003
Kuonamka Dykes,1498,1508,1503,70,110,56.8,-9.5,28,0,-6,54,19.8,huge scatter (see Evans+16),B,Ernst et al. 2000
West Anabar Intrusions,1500,1505,1503,70.6,104.5,218.7,-20,5.8,0,25.3,241.4,4.6,a bit too old,A,Evans et al. 2016
North Anabar Intrusions,1466,1500,1483,71.7,106.8,208.3,-14.1,10,1,23.9,255.3,7.5,,B,Evans et al. 2016
Sololi-Kyutingde intrusions,1449,1497,1473,70.7,124.2,223.8,-36.7,11.6,1,-33.6,73.1,10.4,,A,Wingate et al. 2009
Linok Formation,1000,1100,1050,66,88.4,15.2,-57.9,5.5,0,15.2,76.2,7.5,"uncertain age, but correlates to Malgina",B,Gallet et al. 2000
Kartochka Formation,1000,1100,1050,58.7,97,254.7,50.6,8.6,0,19.1,36.3,11.8,"uncertain age, but correlates roughly to Malgina",B,Gallet et al. 2012