Rockname(or component),Min,Max,Nominal age,Slat,Slon,Dec,Inc,a95,Weight,Plat,Plon,A95,Comments,Grade,Reference (separate age ref when that antedates the most recent pmag study)
Hoting gabbro,1776,1796,1786,64.2,16.3,331.9,37.5,12.1,1,43,233.3,10.9,,A,Elming et al. 2009
Smaland intrusives,1769,1784,1777,57.1,15.7,9.3,25.1,8.5,1,45.7,182.7,8,,A,Pisarevsky and Bylund 2010
Shoksha sandstones,1750,1800,1775,61.3,33.8,354.3,21.6,5.2,1,39.7,221.1,4,,B,Pisarevsky and Sokolov 2001
Volyn-Dniestr-Bug intrusions Grp C+D,1765,1769,1767,50.4,28.9,35,-10.3,5.9,0,26.7,169.2,4.2,Sarmatia,NR,Elming et al. 2010
Volyn-Dniestr-Bug intrusions Grp C,1710,1810,1760,50.3,29.3,33.8,-6.7,6.4,0,6.2,169.9,4.4,Sarmatia,NR,Elming et al. 2010
Mean Ropruchey sill,1748,1754,1751,61.4,35.3,358.8,20.1,20.1,1,39.1,217,8.6,,B,Nordic 17
Volyn-Dniestr-Bug intrusions Grp E,1710,1734,1722,50,29.6,46.8,-29.9,15.1,0,10.7,163.2,12.5,Sarmatia,B,Elming et al. 2010
Turinge gabbro,1700,1700,1700,62.5,14.8,342.8,44.1,4.8,0,51.6,220.2,4.8,too young,NR,Elming et al. 2019
Rodo basic dikes,1491,1503,1497,62.4,17.6,356.8,26.5,11.9,1,41.6,201.7,9.5,,NR,Moakhar and Elming 2000
Mean Tuna/Bunkris/Oje,1460,1478,1469,61.5,13.5,10.6,0.3,0.3,1,28.3,179.8,13.2,,B,Nordic 17
Lake Ladoga intrusions,1440,1464,1452,61.5,31.2,33.2,-17,7.4,1,15.2,177.1,5.5,,A,Lubnina et al. 2010
O dyke South Sweden,1402,1420,1411,58.6,16.2,355.5,-23.9,10,0,18.8,200.9,7.8,too young,NR,Elming et al. 2014
Mashak suite,1366,1385,1376,54,57,230.8,38.8,16.1,0,1.8,193,14.8,too young,B,Lubnina 2009
Keurusselka structure impact comp,1134,1146,1140,62.2,24.7,42.4,64.1,8.4,0,61,129.1,11.9,too old,NR,Raiskila et al. 2011
Salla diabase dyke,1119,1127,1122,66.8,28.8,42.2,73.9,5,0,71,113,8.5,too old,B,Salminen et al. 2009
Kautokeina dikes,1032,1100,1066,69.1,23.6,315.1,-68.4,3.1,0,-35.6,235.7,4.7,too young,NR,Mertanen et al. 1996
Mean Bamble intrusion,1048,1048,1048,58.9,9.5,316.7,-59.1,15,0,-15.1,222.5,19.3,poor quality,C+,Nordic 17
Laanila-Ristij�rvi,992,1095,1044,68.7,28.1,355.5,-40,17.5,1,-2.1,212.2,13.8,too young,B,Mertanen et al. 1996